keyA,keyB,val
a,b,0.6244543136757778
a,c,0.3421308763810109
a,d,0.526138233633684
a,e,0.12555549982077008
a,f,0.4100111587461761
a,g,0.8525625378993992
a,h,0.20762771897141352
a,i,0.1665249776740232
a,j,0.07092394273586777
a,k,0.06452305622460242
a,l,0.24065134699122803
a,m,0.032123150946476664
a,n,0.3063660966991173
a,o,0.8571341820839687
a,p,0.4890613223429695
a,q,0.6700661984708396
a,r,0.03004164200472348
a,s,0.5414412276990292
a,t,0.41662490595379953
a,u,0.4920883076590431
a,v,0.06524277616389162
a,w,0.815088776677973
a,x,0.5363466123719312
a,y,0.48351407096169496
a,z,0.24838018156798825
b,c,0.1450077715693452
b,d,0.7228514972891412
b,e,0.5904304771482961
b,f,0.6357058832867822
b,g,0.1769009112391955
b,h,0.7440662786472134
b,i,0.24434747190586403
b,j,0.3892851688125657
b,k,0.36726437140971013
b,l,0.948238273929129
b,m,0.4242660141616327
b,n,0.1959611193571854
b,o,0.5006161599979071
b,p,0.6486071201958923
b,q,0.10908107775306486
b,r,0.9534221068635392
b,s,0.9717945804722677
b,t,0.18548040037019387
b,u,0.7343131987715423
b,v,0.2140905986438072
b,w,0.531579053069557
b,x,0.5278582668822918
b,y,0.42674833331653383
b,z,0.7254286961539991
c,d,0.7389536275054509
c,e,0.4658998295930542
c,f,0.5854072407274773
c,g,0.3679074723030963
c,h,0.15380006554754477
c,i,0.8973133042824086
c,j,0.9082590011295985
c,k,0.4721672661406162
c,l,0.9564766056408412
c,m,0.15765601587183742
c,n,0.9490903597248862
c,o,0.05823701082623656
c,p,0.6499553090170405
c,q,0.3096948095694426
c,r,0.8555296523670003
c,s,0.3213131404969024
c,t,0.521404997794964
c,u,0.7157897020267139
c,v,0.9621231862053268
c,w,0.00831545699523506
c,x,0.9342184608175248
c,y,0.40854965769683327
c,z,0.3315576660509063
d,e,0.3441090508733964
d,f,0.036841039467789605
d,g,0.6851059837688547
d,h,0.22360408749865435
d,i,0.6201954652049263
d,j,0.17512329546760452
d,k,0.7425869054398002
d,l,0.8858482090607881
d,m,0.9047741918492089
d,n,0.8535463395701389
d,o,0.564534684855052
d,p,0.5276687085721956
d,q,0.41017617245858795
d,r,0.9016906972838217
d,s,0.06074612177738592
d,t,0.6657373064809954
d,u,0.025993382826717037
d,v,0.006422647831280548
d,w,0.9962631746722814
d,x,0.8762756788717887
d,y,0.43854076136092013
d,z,0.3960789391661249
e,f,0.8739877956135563
e,g,0.8038934475263587
e,h,0.4043893040694101
e,i,0.31355557927427136
e,j,0.6056158632304938
e,k,0.2171717805282064
e,l,0.7038731740532294
e,m,0.9619041979417189
e,n,0.6755132457186599
e,o,0.3173710791496783
e,p,0.09854549009543345
e,q,0.09094380098722854
e,r,0.5746887768091273
e,s,0.6366357271033424
e,t,0.09347641170004084
e,u,0.8101412706859396
e,v,0.8821060534081242
e,w,0.52068384606523
e,x,0.21286093243544502
e,y,0.6404704364565289
e,z,0.5247611590039103
f,g,0.34065474376997185
f,h,0.9951225355347977
f,i,0.9350778248766722
f,j,0.6812588433209358
f,k,0.4800973172890537
f,l,0.917475161892584
f,m,0.3276920296340522
f,n,0.010859595882788842
f,o,0.6274339245395515
f,p,0.12266312855441297
f,q,0.15666671402933774
f,r,0.40171348006137286
f,s,0.642220528578761
f,t,0.44332764906968947
f,u,0.5719417071288038
f,v,0.1913132842687183
f,w,0.247525908509875
f,x,0.6239071336993015
f,y,0.2834267943883295
f,z,0.8998274634738669
g,h,0.8841330550076728
g,i,0.536965272306423
g,j,0.43804604973884087
g,k,0.4302229443825475
g,l,0.34468511405970925
g,m,0.6776504732363721
g,n,0.6926284352207042
g,o,0.14702140273135078
g,p,0.6863548657979607
g,q,0.7254576280531845
g,r,0.6593430293543087
g,s,0.8561623630767744
g,t,0.002165096756704621
g,u,0.16647291048782664
g,v,0.3066666707468375
g,w,0.7797915144679685
g,x,0.4854734498904799
g,y,0.45495998680024474
g,z,0.41452006643197215
h,i,0.2473457571122205
h,j,0.2504383082907795
h,k,0.3572910254519551
h,l,0.16381562016005458
h,m,0.860924710841361
h,n,0.6325327017485387
h,o,0.20761153309027713
h,p,0.9902302292325676
h,q,0.5423595098256638
h,r,0.6750609558048702
h,s,0.6123501948547843
h,t,0.6697676475791398
h,u,0.01904502714980183
h,v,0.33946836591007334
h,w,0.07232805221968674
h,x,0.6870178775796567
h,y,0.17440728295261654
h,z,0.04682090078988865
i,j,0.3549163751378204
i,k,0.07388749163990815
i,l,0.8403015147043101
i,m,0.19878239363613925
i,n,0.6800932851616361
i,o,0.042833388986962206
i,p,0.8897860796959639
i,q,0.3075870352327833
i,r,0.6125272721748933
i,s,0.22176602554799285
i,t,0.9021504427520637
i,u,0.4709760891462149
i,v,0.39983592041189364
i,w,0.7559379081904232
i,x,0.9365976251249772
i,y,0.4685237226204839
i,z,0.8445245859187843
j,k,0.2483682412724586
j,l,0.5842155672919466
j,m,0.5327115665535759
j,n,0.1795577985903437
j,o,0.8881281051236353
j,p,0.02036839407651203
j,q,0.9229513225199716
j,r,0.24831531552303931
j,s,0.8694005946188109
j,t,0.6651388156236312
j,u,0.06919441640584989
j,v,0.007706424409108625
j,w,0.8890755310447451
j,x,0.12417368248710914
j,y,0.43168156351005627
j,z,0.1768740740367234
k,l,0.0605168912586983
k,m,0.7297060875493505
k,n,0.9765005763595096
k,o,0.541514365634884
k,p,0.5183455588768653
k,q,0.19690707320227785
k,r,0.036381691650558046
k,s,0.5755626941771085
k,t,0.9797750572325536
k,u,0.2560432274587491
k,v,0.002018602501526523
k,w,0.9346390942266389
k,x,0.3912050013951853
k,y,0.27463895369746694
k,z,0.8508582329268968
l,m,0.6855460580981021
l,n,0.7675900574536891
l,o,0.8653334623372173
l,p,0.5654410522982045
l,q,0.3111766084758054
l,r,0.1883344522841296
l,s,0.7599750886973313
l,t,0.3287674586836521
l,u,0.8898876545698545
l,v,0.04545858463147301
l,w,0.22017038753896712
l,x,0.8749127288834417
l,y,0.6662286373162537
l,z,0.914664729326084
m,n,0.20924281494760688
m,o,0.5930924609286026
m,p,0.4306311923025936
m,q,0.41499523629656365
m,r,0.7317846468139179
m,s,0.3747133695523378
m,t,0.5278102655117579
m,u,0.9193077694048664
m,v,0.5085770324400326
m,w,0.11149154601603695
m,x,0.4877977522105027
m,y,0.515257978525868
m,z,0.19140330101431768
n,o,0.8004012188247668
n,p,0.42681903611280436
n,q,0.7392688614085744
n,r,0.00732197116771327
n,s,0.5747085802285986
n,t,0.9465210654023242
n,u,0.7094148122284489
n,v,0.7785344711997982
n,w,0.9789529631244817
n,x,0.07918204069094281
n,y,0.7828354045466813
n,z,0.8979337048122512
o,p,0.7253861606889729
o,q,0.6326225561181221
o,r,0.214944818094281
o,s,0.6830137087909128
o,t,0.444991721889039
o,u,0.756586360794142
o,v,0.2091110529768565
o,w,0.7674504907516567
o,x,0.7761888751071679
o,y,0.4036794073320923
o,z,0.4133393443913663
p,q,0.42287508829432674
p,r,0.6926557391162477
p,s,0.4021584847178584
p,t,0.8824992604369378
p,u,0.8150730730148759
p,v,0.8215342392218099
p,w,0.34086146008546914
p,x,0.07545542077766254
p,y,0.9653911139100871
p,z,0.46738164737167176
q,r,0.6033597022080048
q,s,0.4297808489745084
q,t,0.003695802666805803
q,u,0.6613250491542999
q,v,0.13202730040442312
q,w,0.5715087410180584
q,x,0.6245393517721937
q,y,0.2085984459676158
q,z,0.2539865627994147
r,s,0.9268244912697882
r,t,0.6505877785376628
r,u,0.6437192876035246
r,v,0.16757422734599126
r,w,0.945040046833231
r,x,0.97155635793002
r,y,0.35904574129034117
r,z,0.9343977631935819
s,t,0.09802276868818138
s,u,0.6683746986899357
s,v,0.37635379761878596
s,w,0.3247867154362156
s,x,0.56141692848153
s,y,0.48758329343719087
s,z,0.017655577494683716
t,u,0.5119576046671536
t,v,0.885388100029767
t,w,0.4427628690962334
t,x,0.8269238769836266
t,y,0.9779175265766485
t,z,0.41557934034000776
u,v,0.044591441262101794
u,w,0.7806603746107449
u,x,0.283514735050578
u,y,0.09386430690232372
u,z,0.1335453307367349
v,w,0.20159206434932853
v,x,0.03265880201800153
v,y,0.0413276031106391
v,z,0.1682156559365755
w,x,0.9372589843900605
w,y,0.30700693938332246
w,z,0.5872259093463272
x,y,0.14547838596553653
x,z,0.027123032410619197
y,z,0.5492541434452246
